expected_output,trip_duration_days,miles_traveled,total_receipts_amount,reimbursement  per day,miles per day,receipt per day,,,,per day,per mile,receipt amount per day,,
364.51,3,93,1.42,121.5033333,31,0.473333333,,182,,100,,,,
126.06,1,55,3.6,126.06,55,3.6,,#SPILL!,,,,,,
128.91,1,47,17.97,128.91,47,17.97,,,,,,,,
203.52,2,13,4.67,101.76,6.5,2.335,,,,,,,,
380.37,3,88,5.78,126.79,29.33333333,1.926666667,,,,,,,,
158.35,1,76,13.74,158.35,76,13.74,,,,,,,,
320.12,3,41,4.52,106.7066667,13.66666667,1.506666667,,,,,,per diem,100,
199.68,1,140,22.71,199.68,140,22.71,,,,,,miles per day,more miles the better but tapers off after some time,
464.07,3,121,21.17,154.69,40.33333333,7.056666667,,,,,,receipt per (miles per day),more receipts are good but more recepits per miles per day bad,
359.1,3,117,21.99,119.7,39,7.33,,,,,,,,
356.17,2,202,21.24,178.085,101,10.62,,,,,,,,
366.87,3,80,21.05,122.29,26.66666667,7.016666667,,,,,,strong boundaries on expense,49.99,if expense hits 100 penalty
204.58,2,21,20.04,102.29,10.5,10.02,,,,,,,99.99,if expense is 99.99 good
430.86,3,177,18.73,143.62,59,6.243333333,,,,,,,,
195.14,1,141,10.15,195.14,141,10.15,,,,,,,,
117.24,1,58,5.86,117.24,58,5.86,,,,,,if you submit tiny amount it thinks you spent less and gives less money,,
179.06,1,133,8.34,179.06,133,8.34,,,,,,,,
120.65,1,59,8.31,120.65,59,8.31,,,,,,standard reimbursement,,
234.2,2,89,13.85,117.1,44.5,6.925,,,,,,,,
325.56,2,147,17.43,162.78,73.5,8.715,,,,,,receipt way less then penalty,,
574.1,5,130,306.9,114.82,26,61.38,,,,,,penalty only comes in if receipt > 0,,
1443.96,5,173,1337.9,288.792,34.6,267.58,,,,,,,,
869,5,592,433.75,173.8,118.4,86.75,,,,,,,,
1030.41,5,679,476.08,206.082,135.8,95.216,,,,,,171.4285714,,
1654.62,5,708,1129.52,330.924,141.6,225.904,,,,,,,,
621.12,5,261,464.94,124.224,52.2,92.988,,,,"trip length, ",Days,Too short ,Good ,Too long
1139.94,5,794,511,227.988,158.8,102.2,,,,,,1 t o4,5 to 6,7 and more
1624.01,5,521,1448.55,324.802,104.2,289.71,,,,,,,,
1231.67,5,595,863.93,246.334,119,172.786,,,,"mileage, ",miles per day,too short,good,too long
1608.6,5,811,952.39,321.72,162.2,190.478,,,,,,,180 - 220,
1045.96,5,477,704.42,209.192,95.4,140.884,,,,,,penalty,,taper off
991.49,5,730,485.73,198.298,146,97.146,,,,,,,,
1485.59,5,262,1173.79,297.118,52.4,234.758,,,,,,,,
788.62,5,446,219.98,157.724,89.2,43.996,,,,,,,,
1063.46,5,751,407.43,212.692,150.2,81.486,,,,spending,,,,
686.54,5,324,128.94,137.308,64.8,25.788,,,,,,,,
1368.94,5,414,967,273.788,82.8,193.4,,,,Efficiency,,,,
742.25,5,367,290.78,148.45,73.4,58.156,,,,,,,,
1468.46,5,764,848.75,293.692,152.8,169.75,,,,Ideal spending,,Short trip,Med trip,Long trip
1185.24,5,249,873.75,237.048,49.8,174.75,,,,,,1 to 3 ,4 to 6 day,7 or more
1719.37,8,862,1817.85,214.92125,107.75,227.23125,,,,,,75 per day,120 per day,under 90 per day
1779.12,11,927,1994.33,161.7381818,84.27272727,181.3027273,,,,penalty upto 30%,,,,
1085.4,9,602,186.69,120.6,66.88888889,20.74333333,,,,,,,,
841.27,8,610,208.29,105.15875,76.25,26.03625,,,,,,,,
1618.13,12,333,1103.21,134.8441667,27.75,91.93416667,,,,short trip ,,,,
1525.26,8,435,1129.65,190.6575,54.375,141.20625,,,,,1 to 4 days,,,
1561.63,9,218,1203.45,173.5144444,24.22222222,133.7166667,,,,travel > 25 mile per day,some penalty,,,
1752.72,12,781,1159.18,146.06,65.08333333,96.59833333,,,,travel 26 to 99 mile per day, good,,,
2098.07,11,916,1036.91,190.7336364,83.27272727,94.26454545,,,,100 to 199 mile per day,bonus,,,
1624.11,10,358,2066.62,162.411,35.8,206.662,,,,200 + mile per day ,bonus but tapers off in exponential way,,,
1752.03,12,566,2013.7,146.0025,47.16666667,167.8083333,,,,receipt less than 49.99,penalty,,,
2024.2,9,954,1483.39,224.9111111,106,164.8211111,,,,receipt 50 to 99.99,good,,,
1624.87,9,534,1929.94,180.5411111,59.33333333,214.4377778,,,,receipt 100 or more,some penalty,,,
1953.03,12,765,1343.97,162.7525,63.75,111.9975,,,,,,,,
1388.05,8,630,967.69,173.50625,78.75,120.96125,,,,medium trip ,,,,
1505.19,10,909,696,150.519,90.9,69.6,,,,,4  to6  days,,,
1037.45,10,223,745.89,103.745,22.3,74.589,,,,travel > 25 mile per day,some penalty,,,
1483.33,8,467,1178.71,185.41625,58.375,147.33875,,,,travel 26 to 99 mile per day, good,,,
1110.6,9,708,461.07,123.4,78.66666667,51.23,,,,100 to 199 mile per day,bonus,,,
1694.37,9,885,1764.97,188.2633333,98.33333333,196.1077778,,,,200 + mile per day ,bonus but tapers off in exponential way,,,
1339.72,6,855,591.35,223.2866667,142.5,98.55833333,,,,receipt less than 49.99,penalty,,,
715.19,2,993,54.24,357.595,496.5,27.12,,,,receipt 50 to 99.99,good,,,
1216.36,5,685,747.14,243.272,137,149.428,,,,receipt 100-120,bonus,,,
813.95,3,981,341.45,271.3166667,327,113.8166667,,,,receipt 121 or more,some penalty,,,
1502.49,5,770,873.33,300.498,154,174.666,,,,,,,,
1237.71,6,697,651.64,206.285,116.1666667,108.6066667,,,,long trip,,,,
743.94,3,795,450.85,247.98,265,150.2833333,,,,,7 to 10 days,,,
1364.54,3,606,1184.23,454.8466667,202,394.7433333,,,,travel > 25 mile per day,some penalty,,,
1251.14,3,842,865.37,417.0466667,280.6666667,288.4566667,,,,travel 26 to 99 mile per day, good,,,
971.31,7,748,241.73,138.7585714,106.8571429,34.53285714,,,,100 to 199 mile per day,bonus,,,
905.79,7,624,148.16,129.3985714,89.14285714,21.16571429,,,,200 + mile per day ,bonus but tapers off in exponential way,,,
1048.28,2,713,740.33,524.14,356.5,370.165,,,,receipt less than 49.99,penalty,,,
1515.99,3,874,1191.4,505.33,291.3333333,397.1333333,,,,receipt 50 to 89.99,bonus,,,
1120.1,6,761,530.19,186.6833333,126.8333333,88.365,,,,receipt 99-100,taper off benefit,,,
539.36,1,815,97.89,539.36,815,97.89,,,,receipt 101  or more,some penalty,,,
644.12,1,601,497.7,644.12,601,497.7,,,,,,,,
1809.91,7,817,1127.87,258.5585714,116.7142857,161.1242857,,,,,,,,
1050.05,1,606,923,1050.05,606,923,,,,,,,,
866.07,1,909,741.82,866.07,909,741.82,,,,,,,,
1459.34,3,624,1160.92,486.4466667,208,386.9733333,,,,,,,,
676.38,4,650,619.49,169.095,162.5,154.8725,,,,,,,,
628.4,6,204,818.99,104.7333333,34,136.4983333,,,,,,,,
198.42,1,263,396.49,198.42,263,396.49,,,,,,,,
162.18,1,451,555.49,162.18,451,555.49,,,,,,,,
831.96,10,424,474.99,83.196,42.4,47.499,,,,,,,,
415.96,2,565,389.49,207.98,282.5,194.745,,,,,,,,
913.29,9,397,348.49,101.4766667,44.11111111,38.72111111,,,,,,,,
355.57,1,532,413.99,355.57,532,413.99,,,,,,,,
290.36,2,384,495.49,145.18,192,247.745,,,,,,,,
765.13,5,754,489.99,153.026,150.8,97.998,,,,,,,,
707.88,1,344.46,813.85,707.88,344.46,813.85,,,,,,,,
848.42,3,906.3,540.03,282.8066667,302.1,180.01,,,,,,,,
764.64,3,1007.56,187.52,254.88,335.8533333,62.50666667,,,,,,,,
255.57,1,359.62,221.15,255.57,359.62,221.15,,,,,,,,
636.51,1,362.79,749.19,636.51,362.79,749.19,,,,,,,,
303.94,1,288.72,159.26,303.94,288.72,159.26,,,,,,,,
1165.44,2,782.17,830.72,582.72,391.085,415.36,,,,,,,,
625.15,2,623.18,347.54,312.575,311.59,173.77,,,,,,,,
693.36,3,1061.15,388.5,231.12,353.7166667,129.5,,,,,,,,
331.74,1,252.75,285.5,331.74,252.75,285.5,,,,,,,,
779.08,3,1020.39,250.62,259.6933333,340.13,83.54,,,,,,,,
738.01,1,257.97,816.81,738.01,257.97,816.81,,,,,,,,
992.4,3,1025.03,592.55,330.8,341.6766667,197.5166667,,,,,,,,
671.06,2,794.32,402.31,335.53,397.16,201.155,,,,,,,,
361.66,1,276.85,485.54,361.66,276.85,485.54,,,,,,,,
650.68,2,851.68,473.96,325.34,425.84,236.98,,,,,,,,
960.47,3,859.12,611.07,320.1566667,286.3733333,203.69,,,,,,,,
787.42,3,1317.07,476.87,262.4733333,439.0233333,158.9566667,,,,,,,,
741.46,1,388.1,827.37,741.46,388.1,827.37,,,,,,,,
636.19,1,264.39,758.27,636.19,264.39,758.27,,,,,,,,
807.48,5,198.21,594.83,161.496,39.642,118.966,,,,,,,,
666.59,6,72.85,457.75,111.0983333,12.14166667,76.29166667,,,,,,,,
835.08,8,297.64,481.09,104.385,37.205,60.13625,,,,,,,,
1452.17,7,237.33,1262.27,207.4528571,33.90428571,180.3242857,,,,,,,,
511.23,5,195.73,1228.49,102.246,39.146,245.698,,,,,,,,
1522.6,8,276.28,1179.9,190.325,34.535,147.4875,,,,,,,,
1353.77,8,302.24,1046.04,169.22125,37.78,130.755,,,,,,,,
880.41,8,266.87,252.08,110.05125,33.35875,31.51,,,,,,,,
828.16,9,310.69,239.64,92.01777778,34.52111111,26.62666667,,,,,,,,
1031.34,6,222.08,709.07,171.89,37.01333333,118.1783333,,,,,,,,
1019.85,8,264.94,720.67,127.48125,33.1175,90.08375,,,,,,,,
1499.24,8,161.15,1230.37,187.405,20.14375,153.79625,,,,,,,,
835.54,9,259.96,554.74,92.83777778,28.88444444,61.63777778,,,,,,,,
850.57,9,97.85,518.56,94.50777778,10.87222222,57.61777778,,,,,,,,
1374.9,9,194.34,1054.93,152.7666667,21.59333333,117.2144444,,,,,,,,
830.45,9,332.35,374.61,92.27222222,36.92777778,41.62333333,,,,,,,,
845.35,5,126.44,696.14,169.07,25.288,139.228,,,,,,,,
1050.25,5,66.13,848.03,210.05,13.226,169.606,,,,,,,,
1478.11,6,135.34,1144.13,246.3516667,22.55666667,190.6883333,,,,,,,,
648.57,6,233.7,346.98,108.095,38.95,57.83,,,,,,,,
1785.47,9,849,1007.41,198.3855556,94.33333333,111.9344444,,,,,,,,
1718.76,6,806,1760.64,286.46,134.3333333,293.44,,,,,,,,
2016.46,8,891,1194.36,252.0575,111.375,149.295,,,,,,,,
2164.15,9,1182,1342.24,240.4611111,131.3333333,149.1377778,,,,,,,,
2063.98,7,1010,1514.03,294.8542857,144.2857143,216.29,,,,,,,,
1902.37,8,892,1768.53,237.79625,111.5,221.06625,,,,,,,,
1817.77,6,825,1692.73,302.9616667,137.5,282.1216667,,,,,,,,
1852.47,8,1118,1758.52,231.55875,139.75,219.815,,,,,,,,
1857.04,8,1064,1756.52,232.13,133,219.565,,,,,,,,
1771.8,6,811,1252.04,295.3,135.1666667,208.6733333,,,,,,,,
1826.08,7,889,1417.96,260.8685714,127,202.5657143,,,,,,,,
1880.76,9,1012,1429.04,208.9733333,112.4444444,158.7822222,,,,,,,,
1720.21,6,909,1332.18,286.7016667,151.5,222.03,,,,,,,,
1894.85,9,1096,1690.22,210.5388889,121.7777778,187.8022222,,,,,,,,
1964.86,9,913,1021.29,218.3177778,101.4444444,113.4766667,,,,,,,,
1803.97,6,1006,1219.71,300.6616667,167.6666667,203.285,,,,,,,,
1737.86,6,907,1650.17,289.6433333,151.1666667,275.0283333,,,,,,,,
1780.58,9,816,1171.81,197.8422222,90.66666667,130.2011111,,,,,,,,
2279.82,7,1006,1181.33,325.6885714,143.7142857,168.7614286,,,,,,,,
1765.79,6,835,1404.28,294.2983333,139.1666667,234.0466667,,,,,,,,
1662.88,12,528,2476.41,138.5733333,44,206.3675,,,,,,,,
322,4,69,2321.49,80.5,17.25,580.3725,,,,,,,,
1550.55,11,1179,31.36,140.9590909,107.1818182,2.850909091,,,,,,,,
1793.07,13,756,954.4,137.9284615,58.15384615,73.41538462,,,,,,,,
1171.68,1,123,2076.65,1171.68,123,2076.65,,,,,,,,
1434.71,3,1162,2152.66,478.2366667,387.3333333,717.5533333,,,,,,,,
1374.91,1,822,2170.53,1374.91,822,2170.53,,,,,,,,
1823.47,11,558,1549.86,165.77,50.72727273,140.8963636,,,,,,,,
1353.87,2,753,1111.16,676.935,376.5,555.58,,,,,,,,
794.7,10,224,407.51,79.47,22.4,40.751,,,,,,,,
800.3,6,383,462.79,133.3833333,63.83333333,77.13166667,,,,,,,,
1987.39,8,1005,1391.37,248.42375,125.625,173.92125,,,,,,,,
1366.61,10,1145,311.43,136.661,114.5,31.143,,,,,,,,
1743.85,5,1004,2367.63,348.77,200.8,473.526,,,,,,,,
1676.79,5,873,1402.35,335.358,174.6,280.47,,,,,,,,
1273.45,2,165,1813.32,636.725,82.5,906.66,,,,,,,,
879.65,5,1076,190.33,175.93,215.2,38.066,,,,,,,,
1760,12,986,2390.92,146.6666667,82.16666667,199.2433333,,,,,,,,
1578.97,7,948,657.17,225.5671429,135.4285714,93.88142857,,,,,,,,
1411.95,3,429,2400.13,470.65,143,800.0433333,,,,,,,,
788.53,4,362,646.43,197.1325,90.5,161.6075,,,,,,,,
1494.23,2,622,1871.56,747.115,311,935.78,,,,,,,,
150.34,1,140,255.99,150.34,140,255.99,,,,,,,,
851.24,8,123,612.55,106.405,15.375,76.56875,,,,,,,,
1413.52,4,87,2463.92,353.38,21.75,615.98,,,,,,,,
1516.43,10,164,1144.9,151.643,16.4,114.49,,,,,,,,
1439.17,1,989,2196.84,1439.17,989,2196.84,,,,,,,,
1501.1,4,470,1968.63,375.275,117.5,492.1575,,,,,,,,
1092.94,1,37,1397.17,1092.94,37,1397.17,,,,,,,,
1030.13,8,488,439.7,128.76625,61,54.9625,,,,,,,,
1780.07,12,757,897.4,148.3391667,63.08333333,74.78333333,,,,,,,,
2065.16,14,958,1727.76,147.5114286,68.42857143,123.4114286,,,,,,,,
1342.39,2,456,2390.7,671.195,228,1195.35,,,,,,,,
771.83,5,733,41.18,154.366,146.6,8.236,,,,,,,,
1477.12,5,291,1279.7,295.424,58.2,255.94,,,,,,,,
1568.41,10,478,2091.79,156.841,47.8,209.179,,,,,,,,
1847.26,8,817,1455.73,230.9075,102.125,181.96625,,,,,,,,
1807.42,6,1043,1404.35,301.2366667,173.8333333,234.0583333,,,,,,,,
1549.54,2,958,1855.58,774.77,479,927.79,,,,,,,,
935.4,9,524,474.75,103.9333333,58.22222222,52.75,,,,,,,,
522.58,6,45,81.59,87.09666667,7.5,13.59833333,,,,,,,,
1502.02,8,342,2259.06,187.7525,42.75,282.3825,,,,,,,,
1682.98,12,379,1897.29,140.2483333,31.58333333,158.1075,,,,,,,,
1585.02,6,333,1254.68,264.17,55.5,209.1133333,,,,,,,,
1490.51,2,634,1739.81,745.255,317,869.905,,,,,,,,
1282.84,5,285,974.73,256.568,57,194.946,,,,,,,,
1707.38,12,33,1249.13,142.2816667,2.75,104.0941667,,,,,,,,
1539.77,9,118,1285.82,171.0855556,13.11111111,142.8688889,,,,,,,,
1220.35,1,420,2273.6,1220.35,420,2273.6,,,,,,,,
1586.22,11,312,2072.39,144.2018182,28.36363636,188.3990909,,,,,,,,
1779.08,10,753,2054.02,177.908,75.3,205.402,,,,,,,,
570.99,5,125,96.38,114.198,25,19.276,,,,,,,,
1395.65,6,597,888.84,232.6083333,99.5,148.14,,,,,,,,
1408.25,12,1065,203.2,117.3541667,88.75,16.93333333,,,,,,,,
402.81,1,214,540.03,402.81,214,540.03,,,,,,,,
1852.24,11,886,922.66,168.3854545,80.54545455,83.87818182,,,,,,,,
1656.28,10,621,978.73,165.628,62.1,97.873,,,,,,,,
1699.56,4,1000,2355.34,424.89,250,588.835,,,,,,,,
1881.36,13,534,1765.96,144.72,41.07692308,135.8430769,,,,,,,,
1671.23,6,475,1800.71,278.5383333,79.16666667,300.1183333,,,,,,,,
1739.18,11,623,2265.21,158.1072727,56.63636364,205.9281818,,,,,,,,
1112.02,1,620,973.91,1112.02,620,973.91,,,,,,,,
1960.67,13,1004,1757.75,150.8207692,77.23076923,135.2115385,,,,,,,,
1897.19,8,962,1929.63,237.14875,120.25,241.20375,,,,,,,,
1842.1,14,516,1464.67,131.5785714,36.85714286,104.6192857,,,,,,,,
1873.94,11,685,2272.75,170.3581818,62.27272727,206.6136364,,,,,,,,
540.97,3,307,266.21,180.3233333,102.3333333,88.73666667,,,,,,,,
1339.93,3,375,1346.21,446.6433333,125,448.7366667,,,,,,,,
1567.43,4,1124,2177.18,391.8575,281,544.295,,,,,,,,
1520.73,3,779,2110.9,506.91,259.6666667,703.6333333,,,,,,,,
1419.34,8,1173,671.25,177.4175,146.625,83.90625,,,,,,,,
1745.18,14,47,1667.14,124.6557143,3.357142857,119.0814286,,,,,,,,
1539.47,3,981,2008.83,513.1566667,327,669.61,,,,,,,,
1547.5,5,516,1450.67,309.5,103.2,290.134,,,,,,,,
872.19,6,471,332.51,145.365,78.5,55.41833333,,,,,,,,
1432.79,2,941,1565.77,716.395,470.5,782.885,,,,,,,,
837.36,10,377,301.96,83.736,37.7,30.196,,,,,,,,
793.58,7,273,285.83,113.3685714,39,40.83285714,,,,,,,,
737.28,1,458,834.7,737.28,458,834.7,,,,,,,,
1575.52,11,772,932.31,143.2290909,70.18181818,84.75545455,,,,,,,,
1593.24,11,36,1541.47,144.84,3.272727273,140.1336364,,,,,,,,
1579.73,12,211,1048.29,131.6441667,17.58333333,87.3575,,,,,,,,
1839.67,7,987,2164.1,262.81,141,309.1571429,,,,,,,,
1599.27,9,662,2275.59,177.6966667,73.55555556,252.8433333,,,,,,,,
1553.21,12,96,1164.37,129.4341667,8,97.03083333,,,,,,,,
1623.81,5,569,1856.7,324.762,113.8,371.34,,,,,,,,
874.99,12,128,477.17,72.91583333,10.66666667,39.76416667,,,,,,,,
1698,4,886,2401.28,424.5,221.5,600.32,,,,,,,,
1331.53,13,19,807.27,102.4253846,1.461538462,62.09769231,,,,,,,,
1454.47,8,275,2347.09,181.80875,34.375,293.38625,,,,,,,,
1434.42,9,963,588.5,159.38,107,65.38888889,,,,,,,,
1894.16,14,1056,2489.69,135.2971429,75.42857143,177.835,,,,,,,,
947.72,5,728,423.16,189.544,145.6,84.632,,,,,,,,
418.17,4,286,1063.49,104.5425,71.5,265.8725,,,,,,,,
1663.39,11,332,1352.48,151.2172727,30.18181818,122.9527273,,,,,,,,
1494.81,12,49,1118.38,124.5675,4.083333333,93.19833333,,,,,,,,
1206.95,2,18,2503.46,603.475,9,1251.73,,,,,,,,
1930.24,14,592,1268.36,137.8742857,42.28571429,90.59714286,,,,,,,,
875.39,3,892,171.32,291.7966667,297.3333333,57.10666667,,,,,,,,
1847.08,11,741,1872.39,167.9163636,67.36363636,170.2172727,,,,,,,,
1819.41,14,807,2358.41,129.9578571,57.64285714,168.4578571,,,,,,,,
1796.7,5,873,1584.53,359.34,174.6,316.906,,,,,,,,
1434.84,3,1159,2209.44,478.28,386.3333333,736.48,,,,,,,,
1871.27,11,920,1338.65,170.1154545,83.63636364,121.6954545,,,,,,,,
332.06,1,388,390.7,332.06,388,390.7,,,,,,,,
1547.5,9,576,1059.79,171.9444444,64,117.7544444,,,,,,,,
1640.78,9,524,2367.12,182.3088889,58.22222222,263.0133333,,,,,,,,
1559.59,10,459,2183.11,155.959,45.9,218.311,,,,,,,,
1097.95,4,725,588.9,274.4875,181.25,147.225,,,,,,,,
1222.41,1,992,958.87,1222.41,992,958.87,,,,,,,,
1615.13,10,536,2194.42,161.513,53.6,219.442,,,,,,,,
2143.74,11,1126,1593.03,194.8854545,102.3636364,144.8209091,,,,,,,,
1539.1,10,314,1098.8,153.91,31.4,109.88,,,,,,,,
1120.22,1,9,2246.28,1120.22,9,2246.28,,,,,,,,
2030.59,11,706,1508.23,184.5990909,64.18181818,137.1118182,,,,,,,,
1775.03,10,976,2166.02,177.503,97.6,216.602,,,,,,,,
1313.95,5,1028,653.19,262.79,205.6,130.638,,,,,,,,
1149.07,8,1166,99.47,143.63375,145.75,12.43375,,,,,,,,
1944.88,12,882,1958.14,162.0733333,73.5,163.1783333,,,,,,,,
1090.35,11,448,732.79,99.12272727,40.72727273,66.61727273,,,,,,,,
1800.86,7,623,1691.39,257.2657143,89,241.6271429,,,,,,,,
303.2,3,127,293.49,101.0666667,42.33333333,97.83,,,,,,,,
1005.67,12,218,486.02,83.80583333,18.16666667,40.50166667,,,,,,,,
785.59,3,1166,530.44,261.8633333,388.6666667,176.8133333,,,,,,,,
830.07,11,17,550.58,75.46090909,1.545454545,50.05272727,,,,,,,,
1649.49,9,696,1749.97,183.2766667,77.33333333,194.4411111,,,,,,,,
664.43,4,305,125.79,166.1075,76.25,31.4475,,,,,,,,
1779.92,12,104,1300.05,148.3266667,8.666666667,108.3375,,,,,,,,
857.42,1,303,931.53,857.42,303,931.53,,,,,,,,
1732.12,8,1012,2390.84,216.515,126.5,298.855,,,,,,,,
1913.87,9,938,2224.29,212.6522222,104.2222222,247.1433333,,,,,,,,
535.67,3,471,288.19,178.5566667,157,96.06333333,,,,,,,,
1156.55,5,72,977.67,231.31,14.4,195.534,,,,,,,,
1642.15,10,160,2272.56,164.215,16,227.256,,,,,,,,
1805.77,10,965,1851.28,180.577,96.5,185.128,,,,,,,,
1447.95,3,266,2178.16,482.65,88.66666667,726.0533333,,,,,,,,
1792.31,12,734,2491.82,149.3591667,61.16666667,207.6516667,,,,,,,,
1710.72,12,64,1641.01,142.56,5.333333333,136.7508333,,,,,,,,
1674.09,9,497,1845.08,186.01,55.22222222,205.0088889,,,,,,,,
1586.21,3,781,1801.38,528.7366667,260.3333333,600.46,,,,,,,,
1183.16,3,158,1070.74,394.3866667,52.66666667,356.9133333,,,,,,,,
802.96,3,1096,200.27,267.6533333,365.3333333,66.75666667,,,,,,,,
1987.44,11,1116,2067.8,180.6763636,101.4545455,187.9818182,,,,,,,,
982.64,10,831,39.86,98.264,83.1,3.986,,,,,,,,
1761.68,14,124,1064.64,125.8342857,8.857142857,76.04571429,,,,,,,,
1261.41,4,10,1262.73,315.3525,2.5,315.6825,,,,,,,,
897.78,5,955,106.86,179.556,191,21.372,,,,,,,,
1921.16,7,1176,2489.13,274.4514286,168,355.59,,,,,,,,
1012,6,803,465.6,168.6666667,133.8333333,77.6,,,,,,,,
1022.81,9,868,62.12,113.6455556,96.44444444,6.902222222,,,,,,,,
225.12,1,181,128.05,225.12,181,128.05,,,,,,,,
564.16,3,70,631.88,188.0533333,23.33333333,210.6266667,,,,,,,,
1189.47,8,1090,419.76,148.68375,136.25,52.47,,,,,,,,
1943.24,14,1184,2269.89,138.8028571,84.57142857,162.135,,,,,,,,
1365.21,1,735,1676.9,1365.21,735,1676.9,,,,,,,,
509.52,2,547,119.09,254.76,273.5,59.545,,,,,,,,
949.34,11,265,218.66,86.30363636,24.09090909,19.87818182,,,,,,,,
1305.54,10,223,886.32,130.554,22.3,88.632,,,,,,,,
1833.24,12,959,1947.82,152.77,79.91666667,162.3183333,,,,,,,,
1793.52,11,498,1578.39,163.0472727,45.27272727,143.49,,,,,,,,
1688.9,14,127,988.4,120.6357143,9.071428571,70.6,,,,,,,,
779.66,3,621,214.08,259.8866667,207,71.36,,,,,,,,
1839.47,6,1193,2241.5,306.5783333,198.8333333,373.5833333,,,,,,,,
1497.46,4,448,2055.97,374.365,112,513.9925,,,,,,,,
1558.12,8,466,2064.63,194.765,58.25,258.07875,,,,,,,,
1696.65,12,229,1216.16,141.3875,19.08333333,101.3466667,,,,,,,,
1573.12,13,658,559.48,121.0092308,50.61538462,43.03692308,,,,,,,,
1842.24,13,1034,2477.98,141.7107692,79.53846154,190.6138462,,,,,,,,
1611.66,4,842,2464.29,402.915,210.5,616.0725,,,,,,,,
1921.68,13,837,1218.93,147.8215385,64.38461538,93.76384615,,,,,,,,
1804.68,11,927,1306.37,164.0618182,84.27272727,118.7609091,,,,,,,,
1605.84,4,1047,1657.68,401.46,261.75,414.42,,,,,,,,
1435.34,4,262,1681.28,358.835,65.5,420.32,,,,,,,,
2014.72,7,1126,1103.75,287.8171429,160.8571429,157.6785714,,,,,,,,
1125.36,5,781,672.91,225.072,156.2,134.582,,,,,,,,
1090.31,5,831,591.65,218.062,166.2,118.33,,,,,,,,
2132.85,7,1089,1026.25,304.6928571,155.5714286,146.6071429,,,,,,,,
1421.36,1,793,2171.07,1421.36,793,2171.07,,,,,,,,
847.33,9,368,495.12,94.14777778,40.88888889,55.01333333,,,,,,,,
1704.06,6,818,1130.38,284.01,136.3333333,188.3966667,,,,,,,,
1732.2,11,667,1915.95,157.4727273,60.63636364,174.1772727,,,,,,,,
1349.04,2,267,2116.93,674.52,133.5,1058.465,,,,,,,,
1844.58,10,1083,2105.36,184.458,108.3,210.536,,,,,,,,
2015.18,13,529,1767.79,155.0138462,40.69230769,135.9838462,,,,,,,,
2248.12,9,1155,1346.4,249.7911111,128.3333333,149.6,,,,,,,,
2072.18,7,1185,1768.01,296.0257143,169.2857143,252.5728571,,,,,,,,
1777.14,5,763,1420.94,355.428,152.6,284.188,,,,,,,,
1550.04,7,368,1231.69,221.4342857,52.57142857,175.9557143,,,,,,,,
972.58,6,659,322.1,162.0966667,109.8333333,53.68333333,,,,,,,,
1696.86,14,1138,518.18,121.2042857,81.28571429,37.01285714,,,,,,,,
1603.89,6,172,1977.78,267.315,28.66666667,329.63,,,,,,,,
903.3,6,628,311.47,150.55,104.6666667,51.91166667,,,,,,,,
1264.53,2,500,1246.48,632.265,250,623.24,,,,,,,,
1422.12,8,7,2075.6,177.765,0.875,259.45,,,,,,,,
1696.72,5,942,2092.87,339.344,188.4,418.574,,,,,,,,
1589.65,12,81,2485.34,132.4708333,6.75,207.1116667,,,,,,,,
866.18,4,166,791.52,216.545,41.5,197.88,,,,,,,,
1344.71,3,213,1724.85,448.2366667,71,574.95,,,,,,,,
1175.65,11,1004,167.15,106.8772727,91.27272727,15.19545455,,,,,,,,
624.04,5,116,478.1,124.808,23.2,95.62,,,,,,,,
1807.67,13,112,2299.56,139.0515385,8.615384615,176.8892308,,,,,,,,
1134.47,1,43,2149.22,1134.47,43,2149.22,,,,,,,,
1531.2,2,660,1944.4,765.6,330,972.2,,,,,,,,
1171.54,10,888,298.68,117.154,88.8,29.868,,,,,,,,
1759.97,10,860,2380.76,175.997,86,238.076,,,,,,,,
2013.21,10,1187,1981.09,201.321,118.7,198.109,,,,,,,,
1314.3,12,1139,124.65,109.525,94.91666667,10.3875,,,,,,,,
927.98,5,966,359.51,185.596,193.2,71.902,,,,,,,,
2000.19,10,796,1352.08,200.019,79.6,135.208,,,,,,,,
1515.54,9,72,1281.32,168.3933333,8,142.3688889,,,,,,,,
1638.66,10,215,2440.91,163.866,21.5,244.091,,,,,,,,
1703.2,7,671,1297.02,243.3142857,95.85714286,185.2885714,,,,,,,,
538.36,5,230,333.69,107.672,46,66.738,,,,,,,,
1549.82,5,467,1243.31,309.964,93.4,248.662,,,,,,,,
1705.9,13,247,2339.61,131.2230769,19,179.97,,,,,,,,
1837.25,14,777,1248.61,131.2321429,55.5,89.18642857,,,,,,,,
902.09,11,740,1171.99,82.00818182,67.27272727,106.5445455,,,,,,,,
1897.87,6,884,1798.31,316.3116667,147.3333333,299.7183333,,,,,,,,
1792.88,5,789,1853.31,358.576,157.8,370.662,,,,,,,,
784.52,4,825,874.99,196.13,206.25,218.7475,,,,,,,,
731.28,2,301,769.23,365.64,150.5,384.615,,,,,,,,
1925.32,12,1007,1353.77,160.4433333,83.91666667,112.8141667,,,,,,,,
1202.46,5,865,644.79,240.492,173,128.958,,,,,,,,
1682.62,14,81,1251.97,120.1871429,5.785714286,89.42642857,,,,,,,,
1752.18,8,1159,2175.27,219.0225,144.875,271.90875,,,,,,,,
1152.99,11,496,373.98,104.8172727,45.09090909,33.99818182,,,,,,,,
1362.39,1,752,1632.35,1362.39,752,1632.35,,,,,,,,
1749.31,5,1014,1853.57,349.862,202.8,370.714,,,,,,,,
972.95,9,686,145.66,108.1055556,76.22222222,16.18444444,,,,,,,,
1724.68,5,654,1272.89,344.936,130.8,254.578,,,,,,,,
1593.12,8,621,2391.34,199.14,77.625,298.9175,,,,,,,,
1306.91,9,1080,539.51,145.2122222,120,59.94555556,,,,,,,,
1067.81,10,714,269.06,106.781,71.4,26.906,,,,,,,,
1872.81,10,816,1425.64,187.281,81.6,142.564,,,,,,,,
2239.35,14,1122,1766.25,159.9535714,80.14285714,126.1607143,,,,,,,,
1501.24,4,1202,1074.87,375.31,300.5,268.7175,,,,,,,,
1682.08,5,651,1573.3,336.416,130.2,314.66,,,,,,,,
1265.57,14,1100,237.69,90.39785714,78.57142857,16.97785714,,,,,,,,
924.9,14,296,485.68,66.06428571,21.14285714,34.69142857,,,,,,,,
1421.07,1,697,2148.5,1421.07,697,2148.5,,,,,,,,
1133.45,6,1044,47.46,188.9083333,174,7.91,,,,,,,,
1755.18,12,398,2481.44,146.265,33.16666667,206.7866667,,,,,,,,
1345.66,3,139,2428.89,448.5533333,46.33333333,809.63,,,,,,,,
1109.32,6,84,852.7,184.8866667,14,142.1166667,,,,,,,,
1367.64,2,423,1639.17,683.82,211.5,819.585,,,,,,,,
1872.44,11,815,2385.6,170.2218182,74.09090909,216.8727273,,,,,,,,
1257.31,6,577,897.74,209.5516667,96.16666667,149.6233333,,,,,,,,
1461.33,8,200,1508.89,182.66625,25,188.61125,,,,,,,,
1455.85,9,1102,540.6,161.7611111,122.4444444,60.06666667,,,,,,,,
1770.91,12,508,1970.54,147.5758333,42.33333333,164.2116667,,,,,,,,
2097.69,13,1024,1712.85,161.3607692,78.76923077,131.7576923,,,,,,,,
1862.45,7,1161,1499.97,266.0642857,165.8571429,214.2814286,,,,,,,,
624.78,2,730,285.24,312.39,365,142.62,,,,,,,,
1956.89,13,996,1809.2,150.53,76.61538462,139.1692308,,,,,,,,
1673.89,5,1160,1901.83,334.778,232,380.366,,,,,,,,
726.14,2,1139,306.43,363.07,569.5,153.215,,,,,,,,
1798.47,14,191,2442.76,128.4621429,13.64285714,174.4828571,,,,,,,,
1826.93,7,776,2447.82,260.99,110.8571429,349.6885714,,,,,,,,
1918.89,14,414,1919.7,137.0635714,29.57142857,137.1214286,,,,,,,,
1851.7,7,847,1994.62,264.5285714,121,284.9457143,,,,,,,,
1871.76,6,924,1227.21,311.96,154,204.535,,,,,,,,
1489.99,2,933,1589.58,744.995,466.5,794.79,,,,,,,,
891.9,1,211,958.08,891.9,211,958.08,,,,,,,,
1837.11,10,773,865.92,183.711,77.3,86.592,,,,,,,,
1229.87,3,196,1211.68,409.9566667,65.33333333,403.8933333,,,,,,,,
1480.87,14,49,954.02,105.7764286,3.5,68.14428571,,,,,,,,
935.38,5,477,655.24,187.076,95.4,131.048,,,,,,,,
1690.82,5,828,1606.84,338.164,165.6,321.368,,,,,,,,
1649.04,11,458,1364.29,149.9127273,41.63636364,124.0263636,,,,,,,,
1279.31,3,289,1245.67,426.4366667,96.33333333,415.2233333,,,,,,,,
658.14,1,1060,501.67,658.14,1060,501.67,,,,,,,,
1664.83,5,1085,2486.43,332.966,217,497.286,,,,,,,,
779.68,4,675,381.48,194.92,168.75,95.37,,,,,,,,
1473.75,8,415,1214.97,184.21875,51.875,151.87125,,,,,,,,
1114.9,6,425,709.75,185.8166667,70.83333333,118.2916667,,,,,,,,
1637.65,7,313,2408.02,233.95,44.71428571,344.0028571,,,,,,,,
897.26,13,235,426.07,69.02,18.07692308,32.77461538,,,,,,,,
1630.66,7,635,1406.31,232.9514286,90.71428571,200.9014286,,,,,,,,
1889.87,10,1009,2164.22,188.987,100.9,216.422,,,,,,,,
748.57,3,692,450.7,249.5233333,230.6666667,150.2333333,,,,,,,,
1013.78,2,91,1073.76,506.89,45.5,536.88,,,,,,,,
2047.06,8,1187,1045.91,255.8825,148.375,130.73875,,,,,,,,
1847.84,14,600,1120.05,131.9885714,42.85714286,80.00357143,,,,,,,,
483.34,5,210,710.49,96.668,42,142.098,,,,,,,,
1564.9,12,10,1203.1,130.4083333,0.833333333,100.2583333,,,,,,,,
282.89,1,452,275.05,282.89,452,275.05,,,,,,,,
1476.03,4,256,2218.74,369.0075,64,554.685,,,,,,,,
1557.27,8,312,2383.17,194.65875,39,297.89625,,,,,,,,
1237.62,2,1175,816.2,618.81,587.5,408.1,,,,,,,,
1248.46,11,960,383.64,113.4963636,87.27272727,34.87636364,,,,,,,,
1559.83,6,690,1009.37,259.9716667,115,168.2283333,,,,,,,,
1516.68,14,487,579.29,108.3342857,34.78571429,41.37785714,,,,,,,,
593.83,8,75,315.71,74.22875,9.375,39.46375,,,,,,,,
1017.64,13,360,271.93,78.28,27.69230769,20.91769231,,,,,,,,
1916.37,11,708,1871.77,174.2154545,64.36363636,170.1609091,,,,,,,,
384.77,3,182,347.82,128.2566667,60.66666667,115.94,,,,,,,,
1643.68,10,683,2442.92,164.368,68.3,244.292,,,,,,,,
1465.72,5,392,1264.6,293.144,78.4,252.92,,,,,,,,
1635.5,10,175,1443.25,163.55,17.5,144.325,,,,,,,,
1603.6,7,577,1959.13,229.0857143,82.42857143,279.8757143,,,,,,,,
1793.36,13,799,951.92,137.9507692,61.46153846,73.22461538,,,,,,,,
1170.54,13,608,370.89,90.04153846,46.76923077,28.53,,,,,,,,
686.23,7,194,202.49,98.03285714,27.71428571,28.92714286,,,,,,,,
1394.38,13,889,232.72,107.26,68.38461538,17.90153846,,,,,,,,
1222.6,7,901,136.8,174.6571429,128.7142857,19.54285714,,,,,,,,
1398.75,1,698,1525.82,1398.75,698,1525.82,,,,,,,,
1235.69,9,592,793.55,137.2988889,65.77777778,88.17222222,,,,,,,,
1846.41,14,1015,871.76,131.8864286,72.5,62.26857143,,,,,,,,
848.89,9,524,136.46,94.32111111,58.22222222,15.16222222,,,,,,,,
1789.85,5,781,2114.27,357.97,156.2,422.854,,,,,,,,
494.63,3,200,58.24,164.8766667,66.66666667,19.41333333,,,,,,,,
1649.42,5,503,2335.55,329.884,100.6,467.11,,,,,,,,
1872.89,11,667,2221.67,170.2627273,60.63636364,201.97,,,,,,,,
1691.68,7,336,1843.58,241.6685714,48,263.3685714,,,,,,,,
1455.37,4,217,1506.46,363.8425,54.25,376.615,,,,,,,,
1479.01,8,207,1146.93,184.87625,25.875,143.36625,,,,,,,,
1710.98,7,690,1807.71,244.4257143,98.57142857,258.2442857,,,,,,,,
1285.2,2,251,1916.43,642.6,125.5,958.215,,,,,,,,
1337.63,4,627,956.98,334.4075,156.75,239.245,,,,,,,,
448.34,1,432,581.71,448.34,432,581.71,,,,,,,,
1691.15,4,1194,2250.51,422.7875,298.5,562.6275,,,,,,,,
774.64,10,64,455.9,77.464,6.4,45.59,,,,,,,,
657.8,8,15,377.85,82.225,1.875,47.23125,,,,,,,,
1878.06,11,741,1207.39,170.7327273,67.36363636,109.7627273,,,,,,,,
1483.06,8,638,1007.48,185.3825,79.75,125.935,,,,,,,,
1879.09,12,965,1700.28,156.5908333,80.41666667,141.69,,,,,,,,
1840.75,8,1182,990.07,230.09375,147.75,123.75875,,,,,,,,
2090.54,13,1062,869.28,160.8107692,81.69230769,66.86769231,,,,,,,,
1346.14,1,754,1220.47,1346.14,754,1220.47,,,,,,,,
1292.77,14,767,186.47,92.34071429,54.78571429,13.31928571,,,,,,,,
1809.29,11,775,1752.23,164.4809091,70.45454545,159.2936364,,,,,,,,
1561.41,8,592,1402.98,195.17625,74,175.3725,,,,,,,,
1448.72,6,957,727.75,241.4533333,159.5,121.2916667,,,,,,,,
1726.51,9,800,2167.72,191.8344444,88.88888889,240.8577778,,,,,,,,
1107.96,6,1198,222.6,184.66,199.6666667,37.1,,,,,,,,
1462.01,3,1092,1737.65,487.3366667,364,579.2166667,,,,,,,,
1791.69,12,958,2499.84,149.3075,79.83333333,208.32,,,,,,,,
2000.42,11,955,1282.19,181.8563636,86.81818182,116.5627273,,,,,,,,
1711.55,11,605,1880.69,155.5954545,55,170.9718182,,,,,,,,
1702.81,7,670,1558.02,243.2585714,95.71428571,222.5742857,,,,,,,,
1787.57,11,844,1962.77,162.5063636,76.72727273,178.4336364,,,,,,,,
1416.98,3,718,1158.02,472.3266667,239.3333333,386.0066667,,,,,,,,
1608.55,6,323,1477.23,268.0916667,53.83333333,246.205,,,,,,,,
1828.37,14,616,2374.41,130.5978571,44,169.6007143,,,,,,,,
1662.92,8,752,1519.78,207.865,94,189.9725,,,,,,,,
1412.13,1,1166,1423.69,1412.13,1166,1423.69,,,,,,,,
1451.85,3,1187,1632.14,483.95,395.6666667,544.0466667,,,,,,,,
711.07,3,1013,166.52,237.0233333,337.6666667,55.50666667,,,,,,,,
951.92,5,741,429.24,190.384,148.2,85.848,,,,,,,,
1809.83,14,467,2176.26,129.2735714,33.35714286,155.4471429,,,,,,,,
406.36,3,224,358.77,135.4533333,74.66666667,119.59,,,,,,,,
751.16,3,712,512.23,250.3866667,237.3333333,170.7433333,,,,,,,,
1371.86,12,218,901.03,114.3216667,18.16666667,75.08583333,,,,,,,,
956.61,6,373,587.38,159.435,62.16666667,97.89666667,,,,,,,,
1478.31,8,562,2479.33,184.78875,70.25,309.91625,,,,,,,,
1454.05,5,132,2387.03,290.81,26.4,477.406,,,,,,,,
866.05,3,98,871.46,288.6833333,32.66666667,290.4866667,,,,,,,,
1977.89,14,545,1206.76,141.2778571,38.92857143,86.19714286,,,,,,,,
1398.94,1,869,1498.88,1398.94,869,1498.88,,,,,,,,
640.56,2,875,393.25,320.28,437.5,196.625,,,,,,,,
1718.71,8,888,2296.07,214.83875,111,287.00875,,,,,,,,
1376.59,1,716,1396.41,1376.59,716,1396.41,,,,,,,,
2214.64,8,1025,1031.33,276.83,128.125,128.91625,,,,,,,,
1810.94,9,1064,2016.76,201.2155556,118.2222222,224.0844444,,,,,,,,
1607.34,4,463,1963.41,401.835,115.75,490.8525,,,,,,,,
1370.31,1,678,1478.57,1370.31,678,1478.57,,,,,,,,
1154.03,1,436,1358.14,1154.03,436,1358.14,,,,,,,,
1661.61,5,586,2135.36,332.322,117.2,427.072,,,,,,,,
543.18,1,797,126.8,543.18,797,126.8,,,,,,,,
877.17,14,481,939.99,62.655,34.35714286,67.14214286,,,,,,,,
1557.94,7,172,1486.86,222.5628571,24.57142857,212.4085714,,,,,,,,
1157.87,10,1192,23.47,115.787,119.2,2.347,,,,,,,,
1351.69,7,981,658.85,193.0985714,140.1428571,94.12142857,,,,,,,,
1701.23,10,692,1671.71,170.123,69.2,167.171,,,,,,,,
1979.83,13,710,2223.86,152.2946154,54.61538462,171.0661538,,,,,,,,
1787.41,12,380,1526.79,148.9508333,31.66666667,127.2325,,,,,,,,
1373.4,3,133,1728.5,457.8,44.33333333,576.1666667,,,,,,,,
1250.66,4,730,799.25,312.665,182.5,199.8125,,,,,,,,
2030.76,12,1070,1055.51,169.23,89.16666667,87.95916667,,,,,,,,
1545.67,8,1185,554.98,193.20875,148.125,69.3725,,,,,,,,
1600.1,11,456,2223.72,145.4636364,41.45454545,202.1563636,,,,,,,,
1466.31,12,85,1056.43,122.1925,7.083333333,88.03583333,,,,,,,,
544.12,2,543,103.37,272.06,271.5,51.685,,,,,,,,
1606.76,6,367,1947.68,267.7933333,61.16666667,324.6133333,,,,,,,,
1215.84,1,481,1792.17,1215.84,481,1792.17,,,,,,,,
1562.23,5,233,1862.04,312.446,46.6,372.408,,,,,,,,
922.69,1,45,1070.22,922.69,45,1070.22,,,,,,,,
1523.75,5,152,2444.81,304.75,30.4,488.962,,,,,,,,
1514.4,7,344,1242.05,216.3428571,49.14285714,177.4357143,,,,,,,,
1584.73,5,320,1584.55,316.946,64,316.91,,,,,,,,
1193.72,9,989,378.12,132.6355556,109.8888889,42.01333333,,,,,,,,
1237.07,10,57,936.89,123.707,5.7,93.689,,,,,,,,
1659.5,12,342,2253.61,138.2916667,28.5,187.8008333,,,,,,,,
1519.98,2,983,2109.93,759.99,491.5,1054.965,,,,,,,,
1749.93,10,886,1990.03,174.993,88.6,199.003,,,,,,,,
1116.56,10,5,836.86,111.656,0.5,83.686,,,,,,,,
457.49,3,80,517.54,152.4966667,26.66666667,172.5133333,,,,,,,,
631.81,8,482,1411.49,78.97625,60.25,176.43625,,,,,,,,
426.22,4,11,312.01,106.555,2.75,78.0025,,,,,,,,
1798.38,12,1075,2328.11,149.865,89.58333333,194.0091667,,,,,,,,
1396.28,13,632,268.91,107.4061538,48.61538462,20.68538462,,,,,,,,
703.45,8,323,46.48,87.93125,40.375,5.81,,,,,,,,
1806.06,11,527,1550.32,164.1872727,47.90909091,140.9381818,,,,,,,,
1499.68,5,948,898.6,299.936,189.6,179.72,,,,,,,,
1628.66,5,504,1502.63,325.732,100.8,300.526,,,,,,,,
2007.62,10,793,1422.29,200.762,79.3,142.229,,,,,,,,
805.12,13,32,232.43,61.93230769,2.461538462,17.87923077,,,,,,,,
1666.18,9,768,1815.6,185.1311111,85.33333333,201.7333333,,,,,,,,
1849.58,9,994,1742.62,205.5088889,110.4444444,193.6244444,,,,,,,,
1387.17,1,1105,1432.3,1387.17,1105,1432.3,,,,,,,,
907.19,12,178,507.59,75.59916667,14.83333333,42.29916667,,,,,,,,
924.65,10,472,431.95,92.465,47.2,43.195,,,,,,,,
1492.08,5,716,1111.23,298.416,143.2,222.246,,,,,,,,
1166.93,3,771,725.67,388.9766667,257,241.89,,,,,,,,
2162.03,13,1054,1131.25,166.31,81.07692308,87.01923077,,,,,,,,
1776.62,10,872,2191.27,177.662,87.2,219.127,,,,,,,,
1387.43,12,1077,32.55,115.6191667,89.75,2.7125,,,,,,,,
1285.23,12,211,749.56,107.1025,17.58333333,62.46333333,,,,,,,,
1400.57,4,199,1310.01,350.1425,49.75,327.5025,,,,,,,,
1577.55,2,1029,1702.6,788.775,514.5,851.3,,,,,,,,
1685.92,10,643,2263.77,168.592,64.3,226.377,,,,,,,,
1724.42,10,797,1706.73,172.442,79.7,170.673,,,,,,,,
1113.16,12,657,322.5,92.76333333,54.75,26.875,,,,,,,,
751.58,8,177,486.06,93.9475,22.125,60.7575,,,,,,,,
437.4,2,222,456.24,218.7,111,228.12,,,,,,,,
1458.63,3,555,2342.76,486.21,185,780.92,,,,,,,,
1522.76,2,785,1964.63,761.38,392.5,982.315,,,,,,,,
464.68,5,104,281.67,92.936,20.8,56.334,,,,,,,,
1372.83,1,673,2026.16,1372.83,673,2026.16,,,,,,,,
1897.37,10,877,1711.12,189.737,87.7,171.112,,,,,,,,
1145.33,1,250,1300.17,1145.33,250,1300.17,,,,,,,,
221.23,1,467,296.49,221.23,467,296.49,,,,,,,,
1865.67,10,1026,828.82,186.567,102.6,82.882,,,,,,,,
2050.62,11,1106,2250.54,186.42,100.5454545,204.5945455,,,,,,,,
1243.1,12,452,816.56,103.5916667,37.66666667,68.04666667,,,,,,,,
1885.87,14,865,2497.16,134.705,61.78571429,178.3685714,,,,,,,,
1468.19,8,107,2450.89,183.52375,13.375,306.36125,,,,,,,,
1365.73,8,80,1092.18,170.71625,10,136.5225,,,,,,,,
1625.53,8,945,766.98,203.19125,118.125,95.8725,,,,,,,,
2214.64,13,1140,1607.8,170.3569231,87.69230769,123.6769231,,,,,,,,
1435.96,2,636,1438.19,717.98,318,719.095,,,,,,,,
1921.18,14,865,1422.11,137.2271429,61.78571429,101.5792857,,,,,,,,
1746.74,12,482,1710.47,145.5616667,40.16666667,142.5391667,,,,,,,,
648.53,2,68,756.61,324.265,34,378.305,,,,,,,,
1306.64,14,512,526.84,93.33142857,36.57142857,37.63142857,,,,,,,,
2080,14,1001,1647.24,148.5714286,71.5,117.66,,,,,,,,
616.27,1,547,573.6,616.27,547,573.6,,,,,,,,
1610.25,10,5,1338.9,161.025,0.5,133.89,,,,,,,,
1361.3,3,1158,1107.4,453.7666667,386,369.1333333,,,,,,,,
1328.85,1,993,1143.58,1328.85,993,1143.58,,,,,,,,
1215.96,6,378,837.63,202.66,63,139.605,,,,,,,,
1988.56,11,1156,2231.86,180.7781818,105.0909091,202.8963636,,,,,,,,
1430.04,5,1050,882.86,286.008,210,176.572,,,,,,,,
1606.63,8,836,735.52,200.82875,104.5,91.94,,,,,,,,
1870.43,11,654,1516.42,170.0390909,59.45454545,137.8563636,,,,,,,,
1639.12,8,633,1308.36,204.89,79.125,163.545,,,,,,,,
1873.19,12,713,1642.01,156.0991667,59.41666667,136.8341667,,,,,,,,
1312.16,5,96,1105.47,262.432,19.2,221.094,,,,,,,,
1344.18,7,1054,576.47,192.0257143,150.5714286,82.35285714,,,,,,,,
1831.92,12,495,1948.13,152.66,41.25,162.3441667,,,,,,,,
1421.45,1,1068,2011.28,1421.45,1068,2011.28,,,,,,,,
1971.23,7,1000,1620.46,281.6042857,142.8571429,231.4942857,,,,,,,,
1951.77,13,855,1798.75,150.1361538,65.76923077,138.3653846,,,,,,,,
1483.77,8,544,1279.51,185.47125,68,159.93875,,,,,,,,
1077.12,11,816,544.99,97.92,74.18181818,49.54454545,,,,,,,,
1664.76,5,1080,2383.82,332.952,216,476.764,,,,,,,,
1833.27,8,1124,1908.69,229.15875,140.5,238.58625,,,,,,,,
1269.1,3,29,1632.85,423.0333333,9.666666667,544.2833333,,,,,,,,
1628.6,6,470,2235.72,271.4333333,78.33333333,372.62,,,,,,,,
1558.09,7,287,2293.5,222.5842857,41,327.6428571,,,,,,,,
1302.97,4,72,1367.29,325.7425,18,341.8225,,,,,,,,
800.18,6,344,233.31,133.3633333,57.33333333,38.885,,,,,,,,
1780.65,8,801,1241.21,222.58125,100.125,155.15125,,,,,,,,
1029.87,5,629,484.34,205.974,125.8,96.868,,,,,,,,
1356.46,11,327,961.08,123.3145455,29.72727273,87.37090909,,,,,,,,
1180.63,14,94,105.94,84.33071429,6.714285714,7.567142857,,,,,,,,
1695.08,4,1113,2103.82,423.77,278.25,525.955,,,,,,,,
1968.4,14,267,2090.21,140.6,19.07142857,149.3007143,,,,,,,,
1313.53,1,979,1292.54,1313.53,979,1292.54,,,,,,,,
1229.41,10,625,519.94,122.941,62.5,51.994,,,,,,,,
1492.64,14,457,848.61,106.6171429,32.64285714,60.615,,,,,,,,
1154.77,11,398,723.39,104.9790909,36.18181818,65.76272727,,,,,,,,
866.76,14,68,438.96,61.91142857,4.857142857,31.35428571,,,,,,,,
1587.8,3,769,2497.93,529.2666667,256.3333333,832.6433333,,,,,,,,
1815.02,13,694,1054.31,139.6169231,53.38461538,81.10076923,,,,,,,,
1883.21,12,1088,1977.91,156.9341667,90.66666667,164.8258333,,,,,,,,
1281.64,9,101,950.23,142.4044444,11.22222222,105.5811111,,,,,,,,
1209.08,1,170,2452.85,1209.08,170,2452.85,,,,,,,,
1447.39,12,1135,475.95,120.6158333,94.58333333,39.6625,,,,,,,,
1436.66,3,1109,2092.26,478.8866667,369.6666667,697.42,,,,,,,,
1084.79,7,753,358.13,154.97,107.5714286,51.16142857,,,,,,,,
667.85,2,521,467.19,333.925,260.5,233.595,,,,,,,,
1996.18,12,1003,983.23,166.3483333,83.58333333,81.93583333,,,,,,,,
799.12,3,269,708.05,266.3733333,89.66666667,236.0166667,,,,,,,,
1931.21,14,646,2418.19,137.9435714,46.14285714,172.7278571,,,,,,,,
1292.93,14,1153,346.58,92.35214286,82.35714286,24.75571429,,,,,,,,
380.88,4,18,289.06,95.22,4.5,72.265,,,,,,,,
2197.33,13,1167,1074.36,169.0253846,89.76923077,82.64307692,,,,,,,,
1403.6,1,1113,1536,1403.6,1113,1536,,,,,,,,
1788.75,6,930,1907.95,298.125,155,317.9916667,,,,,,,,
1164.2,5,714,617.72,232.84,142.8,123.544,,,,,,,,
1548.87,7,256,2180.53,221.2671429,36.57142857,311.5042857,,,,,,,,
1761.94,9,1063,2497.79,195.7711111,118.1111111,277.5322222,,,,,,,,
1710.53,11,512,2016.19,155.5027273,46.54545455,183.29,,,,,,,,
1476.48,9,463,1024.53,164.0533333,51.44444444,113.8366667,,,,,,,,
1829.06,12,714,2003.23,152.4216667,59.5,166.9358333,,,,,,,,
1945.95,9,1165,1868.79,216.2166667,129.4444444,207.6433333,,,,,,,,
1456.34,1,872,2420.07,1456.34,872,2420.07,,,,,,,,
1730.86,10,631,1220.71,173.086,63.1,122.071,,,,,,,,
1384.78,9,633,888.17,153.8644444,70.33333333,98.68555556,,,,,,,,
781.82,4,1065,119.34,195.455,266.25,29.835,,,,,,,,
1225.63,12,947,193.05,102.1358333,78.91666667,16.0875,,,,,,,,
647,4,159,568.58,161.75,39.75,142.145,,,,,,,,
363.02,1,292,449.83,363.02,292,449.83,,,,,,,,
1192.88,1,1115,926.13,1192.88,1115,926.13,,,,,,,,
1639.55,7,1168,667.94,234.2214286,166.8571429,95.42,,,,,,,,
1507.04,4,348,2047.08,376.76,87,511.77,,,,,,,,
1485.69,8,77,1930.98,185.71125,9.625,241.3725,,,,,,,,
2119.83,7,1033,1013.03,302.8328571,147.5714286,144.7185714,,,,,,,,
1612.43,4,672,1603.52,403.1075,168,400.88,,,,,,,,
1478.93,4,1191,999.45,369.7325,297.75,249.8625,,,,,,,,
978.13,8,392,661.27,122.26625,49,82.65875,,,,,,,,
1253.76,7,951,584.4,179.1085714,135.8571429,83.48571429,,,,,,,,
1643.96,5,778,2423.47,328.792,155.6,484.694,,,,,,,,
1900.18,11,958,1999.13,172.7436364,87.09090909,181.7390909,,,,,,,,
1152.04,3,186,1068.31,384.0133333,62,356.1033333,,,,,,,,
1711.97,5,1116,2460.46,342.394,223.2,492.092,,,,,,,,
710.25,13,63,107.92,54.63461538,4.846153846,8.301538462,,,,,,,,
600.23,6,170,476.99,100.0383333,28.33333333,79.49833333,,,,,,,,
795.8,3,870,413.23,265.2666667,290,137.7433333,,,,,,,,
1944.89,12,852,1957.9,162.0741667,71,163.1583333,,,,,,,,
929.16,6,420,386.77,154.86,70,64.46166667,,,,,,,,
1796.98,6,668,1922.45,299.4966667,111.3333333,320.4083333,,,,,,,,
644.69,8,795,1645.99,80.58625,99.375,205.74875,,,,,,,,
1238.04,4,420,927.74,309.51,105,231.935,,,,,,,,
1843.97,12,1074,2407.71,153.6641667,89.5,200.6425,,,,,,,,
1740.85,12,916,2394.85,145.0708333,76.33333333,199.5708333,,,,,,,,
1023.65,4,1075,586.17,255.9125,268.75,146.5425,,,,,,,,
1745.09,5,1143,1217.72,349.018,228.6,243.544,,,,,,,,
755.3,2,719,591.44,377.65,359.5,295.72,,,,,,,,
1416.33,4,197,1858.84,354.0825,49.25,464.71,,,,,,,,
710.15,6,248,395.4,118.3583333,41.33333333,65.9,,,,,,,,
1883.49,10,834,1820.8,188.349,83.4,182.08,,,,,,,,
1423.85,1,1112,2011.44,1423.85,1112,2011.44,,,,,,,,
2162.13,12,1189,1453.16,180.1775,99.08333333,121.0966667,,,,,,,,
1832.34,14,269,1349.61,130.8814286,19.21428571,96.40071429,,,,,,,,
1600.42,7,671,1262.85,228.6314286,95.85714286,180.4071429,,,,,,,,
601.81,9,52,350.58,66.86777778,5.777777778,38.95333333,,,,,,,,
1995.87,14,976,1526.58,142.5621429,69.71428571,109.0414286,,,,,,,,
1311.23,2,370,1554.5,655.615,185,777.25,,,,,,,,
1565.16,4,1180,1948.55,391.29,295,487.1375,,,,,,,,
1410.58,5,36,2022.94,282.116,7.2,404.588,,,,,,,,
1465.26,5,691,1030.64,293.052,138.2,206.128,,,,,,,,
1485.05,8,52,2353.5,185.63125,6.5,294.1875,,,,,,,,
1569.37,11,24,2029.04,142.67,2.181818182,184.4581818,,,,,,,,
1287,8,221,936.98,160.875,27.625,117.1225,,,,,,,,
175.53,1,85,89.83,175.53,85,89.83,,,,,,,,
1146.78,7,803,12.75,163.8257143,114.7142857,1.821428571,,,,,,,,
1862.13,12,893,910.41,155.1775,74.41666667,75.8675,,,,,,,,
1703.02,14,113,1091.13,121.6442857,8.071428571,77.93785714,,,,,,,,
669.85,5,516,1878.49,133.97,103.2,375.698,,,,,,,,
1970.01,14,904,2005.96,140.715,64.57142857,143.2828571,,,,,,,,
1465.9,1,1058,1601.04,1465.9,1058,1601.04,,,,,,,,
1201.26,14,555,313.73,85.80428571,39.64285714,22.40928571,,,,,,,,
1429.72,7,738,730.28,204.2457143,105.4285714,104.3257143,,,,,,,,
1556.7,8,792,2437.24,194.5875,99,304.655,,,,,,,,
901.36,5,831,432.8,180.272,166.2,86.56,,,,,,,,
1116.62,7,709,320.8,159.5171429,101.2857143,45.82857143,,,,,,,,
1260.96,9,1078,161.85,140.1066667,119.7777778,17.98333333,,,,,,,,
1163.1,2,616,968.93,581.55,308,484.465,,,,,,,,
1423.86,2,570,2297.12,711.93,285,1148.56,,,,,,,,
1271.52,9,13,986.41,141.28,1.444444444,109.6011111,,,,,,,,
1705.27,7,381,2106.96,243.61,54.42857143,300.9942857,,,,,,,,
1624.68,9,460,2424.47,180.52,51.11111111,269.3855556,,,,,,,,
1449.26,4,425,1286.54,362.315,106.25,321.635,,,,,,,,
1630.47,11,437,1053.24,148.2245455,39.72727273,95.74909091,,,,,,,,
1778.65,9,1000,1901.79,197.6277778,111.1111111,211.31,,,,,,,,
1295.34,1,553,1687.11,1295.34,553,1687.11,,,,,,,,
1361.08,10,5,1094.06,136.108,0.5,109.406,,,,,,,,
1663.58,12,931,864.21,138.6316667,77.58333333,72.0175,,,,,,,,
1389.11,6,436,914.53,231.5183333,72.66666667,152.4216667,,,,,,,,
636.02,3,1074,247.32,212.0066667,358,82.44,,,,,,,,
1727.1,9,896,1398.54,191.9,99.55555556,155.3933333,,,,,,,,
1202.9,1,462,2047.57,1202.9,462,2047.57,,,,,,,,
1490.96,3,665,2418.16,496.9866667,221.6666667,806.0533333,,,,,,,,
1653.69,11,532,2419.86,150.3354545,48.36363636,219.9872727,,,,,,,,
949.04,9,483,52.64,105.4488889,53.66666667,5.848888889,,,,,,,,
981.72,12,296,326.83,81.81,24.66666667,27.23583333,,,,,,,,
1557.2,9,131,1990,173.0222222,14.55555556,221.1111111,,,,,,,,
1718.79,6,836,2035.17,286.465,139.3333333,339.195,,,,,,,,
1631.49,10,532,1223.36,163.149,53.2,122.336,,,,,,,,
1989.13,14,595,2140.61,142.0807143,42.5,152.9007143,,,,,,,,
1739.49,7,623,1894.02,248.4985714,89,270.5742857,,,,,,,,
1665.23,5,1077,2234.35,333.046,215.4,446.87,,,,,,,,
1468.01,5,579,1018.52,293.602,115.8,203.704,,,,,,,,
1510.91,8,255,1817.19,188.86375,31.875,227.14875,,,,,,,,
1903.76,8,1009,1378.07,237.97,126.125,172.25875,,,,,,,,
781.97,10,87,498.96,78.197,8.7,49.896,,,,,,,,
1447.25,1,809,1734.56,1447.25,809,1734.56,,,,,,,,
1763.16,9,1079,1981.94,195.9066667,119.8888889,220.2155556,,,,,,,,
2073.13,8,1134,1049.84,259.14125,141.75,131.23,,,,,,,,
895.14,8,403,654.97,111.8925,50.375,81.87125,,,,,,,,
916.02,8,534,429.88,114.5025,66.75,53.735,,,,,,,,
1745.09,13,564,2245.56,134.2376923,43.38461538,172.7353846,,,,,,,,
1144.41,2,752,958.29,572.205,376,479.145,,,,,,,,
1673.7,11,293,1410,152.1545455,26.63636364,128.1818182,,,,,,,,
1119.17,5,919,470.23,223.834,183.8,94.046,,,,,,,,
573.58,5,103,333.22,114.716,20.6,66.644,,,,,,,,
570.71,1,893,19.76,570.71,893,19.76,,,,,,,,
789.01,12,37,52.65,65.75083333,3.083333333,4.3875,,,,,,,,
1827.44,8,1142,776.74,228.43,142.75,97.0925,,,,,,,,
801.73,5,332,218.03,160.346,66.4,43.606,,,,,,,,
2032.23,7,950,1739.62,290.3185714,135.7142857,248.5171429,,,,,,,,
1623.73,9,223,1916.03,180.4144444,24.77777778,212.8922222,,,,,,,,
1577.01,6,522,1210.87,262.835,87,201.8116667,,,,,,,,
1666.29,12,46,2077.07,138.8575,3.833333333,173.0891667,,,,,,,,
1300.19,2,252,1545.94,650.095,126,772.97,,,,,,,,
1510.57,14,999,619.42,107.8978571,71.35714286,44.24428571,,,,,,,,
1721.56,13,125,2004.61,132.4276923,9.615384615,154.2007692,,,,,,,,
990.84,9,597,625.99,110.0933333,66.33333333,69.55444444,,,,,,,,
969.85,3,289,853.79,323.2833333,96.33333333,284.5966667,,,,,,,,
1833.56,7,953,1918.24,261.9371429,136.1428571,274.0342857,,,,,,,,
1483.58,4,275,2359.64,370.895,68.75,589.91,,,,,,,,
1729.08,5,755,1584.41,345.816,151,316.882,,,,,,,,
1589.75,9,803,880.17,176.6388889,89.22222222,97.79666667,,,,,,,,
966.87,11,293,285.14,87.89727273,26.63636364,25.92181818,,,,,,,,
1535.3,6,164,1460.21,255.8833333,27.33333333,243.3683333,,,,,,,,
1807.33,12,675,2277.93,150.6108333,56.25,189.8275,,,,,,,,
1267.98,11,859,146.71,115.2709091,78.09090909,13.33727273,,,,,,,,
1354,2,296,1878.7,677,148,939.35,,,,,,,,
1634.04,7,300,2417.85,233.4342857,42.85714286,345.4071429,,,,,,,,
1543.17,2,1155,1517.18,771.585,577.5,758.59,,,,,,,,
1038.42,5,765,480.48,207.684,153,96.096,,,,,,,,
1728.07,9,1097,2330.2,192.0077778,121.8888889,258.9111111,,,,,,,,
1491.9,4,422,2049.71,372.975,105.5,512.4275,,,,,,,,
1406.95,14,1020,510.33,100.4964286,72.85714286,36.45214286,,,,,,,,
682.22,4,205,545.57,170.555,51.25,136.3925,,,,,,,,
1875.72,12,1046,1850.85,156.31,87.16666667,154.2375,,,,,,,,
1116.31,4,1001,739.08,279.0775,250.25,184.77,,,,,,,,
1632.1,9,938,742.17,181.3444444,104.2222222,82.46333333,,,,,,,,
883.11,5,351,407.74,176.622,70.2,81.548,,,,,,,,
1249.66,9,748,653.42,138.8511111,83.11111111,72.60222222,,,,,,,,
1906.35,13,1186,2462.26,146.6423077,91.23076923,189.4046154,,,,,,,,
1682.33,6,384,1656.04,280.3883333,64,276.0066667,,,,,,,,
844.9,10,150,418.41,84.49,15,41.841,,,,,,,,
993.55,10,783,158.93,99.355,78.3,15.893,,,,,,,,
1742.34,6,372,2494.69,290.39,62,415.7816667,,,,,,,,
1827.18,10,958,1643.76,182.718,95.8,164.376,,,,,,,,
1438.52,8,34,1225.2,179.815,4.25,153.15,,,,,,,,
1516.58,7,151,2461.93,216.6542857,21.57142857,351.7042857,,,,,,,,
1500.09,7,150,1379.35,214.2985714,21.42857143,197.05,,,,,,,,
1757.81,6,751,2085.98,292.9683333,125.1666667,347.6633333,,,,,,,,
738.92,7,568,159.12,105.56,81.14285714,22.73142857,,,,,,,,
1785.72,12,574,2240.9,148.81,47.83333333,186.7416667,,,,,,,,
1190.16,13,36,808.38,91.55076923,2.769230769,62.18307692,,,,,,,,
1889.9,14,595,1818.77,134.9928571,42.5,129.9121429,,,,,,,,
1705.24,7,381,2342.27,243.6057143,54.42857143,334.61,,,,,,,,
1295.14,14,174,815.3,92.51,12.42857143,58.23571429,,,,,,,,
1590.82,11,226,2013.45,144.62,20.54545455,183.0409091,,,,,,,,
1777.72,13,137,1505.66,136.7476923,10.53846154,115.82,,,,,,,,
1110,13,774,206.45,85.38461538,59.53846154,15.88076923,,,,,,,,
1658.97,5,1120,1514.91,331.794,224,302.982,,,,,,,,
1698.94,4,862,2335.55,424.735,215.5,583.8875,,,,,,,,
2004.34,8,829,1147.89,250.5425,103.625,143.48625,,,,,,,,
764.24,4,380,446.66,191.06,95,111.665,,,,,,,,
1560.78,9,238,1197.83,173.42,26.44444444,133.0922222,,,,,,,,
1634.13,13,1199,493,125.7023077,92.23076923,37.92307692,,,,,,,,
1921.09,12,710,1249.41,160.0908333,59.16666667,104.1175,,,,,,,,
1980.99,14,719,1973.14,141.4992857,51.35714286,140.9385714,,,,,,,,
1198.24,1,482,1697.08,1198.24,482,1697.08,,,,,,,,
1062.52,9,444,725.31,118.0577778,49.33333333,80.59,,,,,,,,
1753.56,11,610,1990.79,159.4145455,55.45454545,180.9809091,,,,,,,,
1483.48,4,238,1707.28,370.87,59.5,426.82,,,,,,,,
1282.8,2,299,1612.7,641.4,149.5,806.35,,,,,,,,
1155.05,10,273,799.9,115.505,27.3,79.99,,,,,,,,
406.91,3,154,274.04,135.6366667,51.33333333,91.34666667,,,,,,,,
1276.06,7,636,697.02,182.2942857,90.85714286,99.57428571,,,,,,,,
962.14,2,1038,685.07,481.07,519,342.535,,,,,,,,
1485.4,2,798,2334.41,742.7,399,1167.205,,,,,,,,
1918.46,12,601,2166.56,159.8716667,50.08333333,180.5466667,,,,,,,,
1077.35,6,290,814.04,179.5583333,48.33333333,135.6733333,,,,,,,,
543.56,8,16,259.02,67.945,2,32.3775,,,,,,,,
1453.25,8,303,1072.44,181.65625,37.875,134.055,,,,,,,,
1632.61,11,372,2048.26,148.4190909,33.81818182,186.2054545,,,,,,,,
1513.04,3,864,2338.52,504.3466667,288,779.5066667,,,,,,,,
1758.56,11,913,2253.41,159.8690909,83,204.8554545,,,,,,,,
1683.49,14,805,834.06,120.2492857,57.5,59.57571429,,,,,,,,
1691.38,5,905,2317.31,338.276,181,463.462,,,,,,,,
1060.47,10,728,226.53,106.047,72.8,22.653,,,,,,,,
1324.64,4,842,893.25,331.16,210.5,223.3125,,,,,,,,
1116.8,5,117,953.06,223.36,23.4,190.612,,,,,,,,
1432.75,12,307,957.17,119.3958333,25.58333333,79.76416667,,,,,,,,
704.94,9,51,314.81,78.32666667,5.666666667,34.97888889,,,,,,,,
1699.9,7,1071,841.11,242.8428571,153,120.1585714,,,,,,,,
1967.87,13,922,1510.22,151.3746154,70.92307692,116.1707692,,,,,,,,
1747.22,8,867,2373.39,218.4025,108.375,296.67375,,,,,,,,
1952.8,11,1013,1483.3,177.5272727,92.09090909,134.8454545,,,,,,,,
1776.48,6,1148,1525.81,296.08,191.3333333,254.3016667,,,,,,,,
1625.46,12,158,2195.67,135.455,13.16666667,182.9725,,,,,,,,
1810.37,5,1010,2054.21,362.074,202,410.842,,,,,,,,
1376.04,1,682,1517.04,1376.04,682,1517.04,,,,,,,,
406.7,5,14,78.33,81.34,2.8,15.666,,,,,,,,
1972.88,6,1203,1900.48,328.8133333,200.5,316.7466667,,,,,,,,
1575.87,4,810,1852.31,393.9675,202.5,463.0775,,,,,,,,
1522.45,3,760,2073.25,507.4833333,253.3333333,691.0833333,,,,,,,,
1403.48,7,868,625.09,200.4971429,124,89.29857143,,,,,,,,
683.1,7,205,103.31,97.58571429,29.28571429,14.75857143,,,,,,,,
1588.8,5,387,1882.35,317.76,77.4,376.47,,,,,,,,
852.02,11,447,130.07,77.45636364,40.63636364,11.82454545,,,,,,,,
1633.26,9,482,1348.44,181.4733333,53.55555556,149.8266667,,,,,,,,
1459.63,7,15,2436.67,208.5185714,2.142857143,348.0957143,,,,,,,,
1950.3,10,955,1182.33,195.03,95.5,118.233,,,,,,,,
1500.28,5,41,2314.68,300.056,8.2,462.936,,,,,,,,
1666.52,2,1189,1164.74,833.26,594.5,582.37,,,,,,,,
752.69,2,762,519.74,376.345,381,259.87,,,,,,,,
1714.8,10,895,937.46,171.48,89.5,93.746,,,,,,,,
1889.71,13,858,2258.01,145.3623077,66,173.6930769,,,,,,,,
1179.09,11,650,524.8,107.19,59.09090909,47.70909091,,,,,,,,
1450.67,4,198,2106.63,362.6675,49.5,526.6575,,,,,,,,
1419.88,1,791,1927.75,1419.88,791,1927.75,,,,,,,,
2337.73,14,1020,1201.75,166.9807143,72.85714286,85.83928571,,,,,,,,
1629.92,12,59,2247.39,135.8266667,4.916666667,187.2825,,,,,,,,
1142.89,8,626,545.84,142.86125,78.25,68.23,,,,,,,,
639.73,5,57,559.05,127.946,11.4,111.81,,,,,,,,
1375.88,5,908,716.7,275.176,181.6,143.34,,,,,,,,
713.71,13,8,78.44,54.90076923,0.615384615,6.033846154,,,,,,,,
1487.93,11,684,672.51,135.2663636,62.18181818,61.13727273,,,,,,,,
1443.02,4,180,2365.46,360.755,45,591.365,,,,,,,,
1915.79,13,511,1628.33,147.3684615,39.30769231,125.2561538,,,,,,,,
499.26,4,231,20.39,124.815,57.75,5.0975,,,,,,,,
1759.33,9,1139,1973.31,195.4811111,126.5555556,219.2566667,,,,,,,,
1587.21,9,578,1167.71,176.3566667,64.22222222,129.7455556,,,,,,,,
2079.14,14,530,2028.06,148.51,37.85714286,144.8614286,,,,,,,,
837.8,7,316,141.89,119.6857143,45.14285714,20.27,,,,,,,,
1437.95,2,897,2382.39,718.975,448.5,1191.195,,,,,,,,
1033.44,12,121,608.92,86.12,10.08333333,50.74333333,,,,,,,,
1682.1,4,764,1417.94,420.525,191,354.485,,,,,,,,
1715.29,11,663,2141.08,155.9354545,60.27272727,194.6436364,,,,,,,,
1338.3,3,91,1640.15,446.1,30.33333333,546.7166667,,,,,,,,
1317.33,1,1035,1289.84,1317.33,1035,1289.84,,,,,,,,
616.24,7,125,193.62,88.03428571,17.85714286,27.66,,,,,,,,
1183.74,12,437,639.96,98.645,36.41666667,53.33,,,,,,,,
1392.1,4,84,2243.12,348.025,21,560.78,,,,,,,,
1686.98,5,716,1316.6,337.396,143.2,263.32,,,,,,,,
1556.78,12,18,2461.37,129.7316667,1.5,205.1141667,,,,,,,,
1419.48,3,560,1664.15,473.16,186.6666667,554.7166667,,,,,,,,
568.17,3,504,63.39,189.39,168,21.13,,,,,,,,
1336.74,5,1126,664.9,267.348,225.2,132.98,,,,,,,,
589.11,1,1092,390.55,589.11,1092,390.55,,,,,,,,
862.61,11,273,502.37,78.41909091,24.81818182,45.67,,,,,,,,
459.21,4,6,458.7,114.8025,1.5,114.675,,,,,,,,
678.74,1,620,490.45,678.74,620,490.45,,,,,,,,
1645.06,5,659,2083.15,329.012,131.8,416.63,,,,,,,,
1765.67,12,353,2150.17,147.1391667,29.41666667,179.1808333,,,,,,,,
2000.39,13,618,1982.27,153.8761538,47.53846154,152.4823077,,,,,,,,
1528.91,2,1158,2355.92,764.455,579,1177.96,,,,,,,,
1360.76,3,512,1251.6,453.5866667,170.6666667,417.2,,,,,,,,
1676.48,5,840,941.55,335.296,168,188.31,,,,,,,,
1858.36,7,1086,2319.81,265.48,155.1428571,331.4014286,,,,,,,,
1797.14,13,1152,864.45,138.2415385,88.61538462,66.49615385,,,,,,,,
1580.95,4,840,1375.42,395.2375,210,343.855,,,,,,,,
667.98,4,724,89.99,166.995,181,22.4975,,,,,,,,
1438.41,3,327,2141.92,479.47,109,713.9733333,,,,,,,,
1997.52,13,1055,2005.84,153.6553846,81.15384615,154.2953846,,,,,,,,
609.73,1,931,327.97,609.73,931,327.97,,,,,,,,
1632.42,10,108,2181.67,163.242,10.8,218.167,,,,,,,,
1344.17,13,1204,24.47,103.3976923,92.61538462,1.882307692,,,,,,,,
1288.31,5,517,919.25,257.662,103.4,183.85,,,,,,,,
1944.62,8,897,1536.36,243.0775,112.125,192.045,,,,,,,,
1753.84,12,988,2492.79,146.1533333,82.33333333,207.7325,,,,,,,,
1466.95,1,1041,1630.25,1466.95,1041,1630.25,,,,,,,,
1619,10,454,2359.42,161.9,45.4,235.942,,,,,,,,
1399.39,5,406,1084.16,279.878,81.2,216.832,,,,,,,,
1394.55,4,103,1790.07,348.6375,25.75,447.5175,,,,,,,,
695.66,11,198,269.95,63.24181818,18,24.54090909,,,,,,,,
631.5,4,477,18.97,157.875,119.25,4.7425,,,,,,,,
1572.91,11,67,2455.53,142.9918182,6.090909091,223.23,,,,,,,,
966.26,7,789,185.73,138.0371429,112.7142857,26.53285714,,,,,,,,
1492.02,13,70,993.7,114.7707692,5.384615385,76.43846154,,,,,,,,
1377.35,12,59,858.62,114.7791667,4.916666667,71.55166667,,,,,,,,
804.96,3,1027,180,268.32,342.3333333,60,,,,,,,,
572.73,3,275,543.74,190.91,91.66666667,181.2466667,,,,,,,,
873.97,12,180,384.42,72.83083333,15,32.035,,,,,,,,
1472.53,3,334,2449.89,490.8433333,111.3333333,816.63,,,,,,,,
1960.92,7,759,1694.02,280.1314286,108.4285714,242.0028571,,,,,,,,
1542.4,10,174,1991.96,154.24,17.4,199.196,,,,,,,,
516.69,1,780,366.37,516.69,780,366.37,,,,,,,,
1208.82,9,934,415.5,134.3133333,103.7777778,46.16666667,,,,,,,,
1277.26,8,936,556.28,159.6575,117,69.535,,,,,,,,
1475.4,1,1002,2320.13,1475.4,1002,2320.13,,,,,,,,
482.65,7,83,137.84,68.95,11.85714286,19.69142857,,,,,,,,
1058.5,9,191,789.52,117.6111111,21.22222222,87.72444444,,,,,,,,
1256.92,3,280,1090.37,418.9733333,93.33333333,363.4566667,,,,,,,,
1785.53,5,644,2383.17,357.106,128.8,476.634,,,,,,,,
1395.03,10,498,992.86,139.503,49.8,99.286,,,,,,,,
1518.93,4,317,1793.28,379.7325,79.25,448.32,,,,,,,,
860.32,4,1100,370.61,215.08,275,92.6525,,,,,,,,
1503.98,4,263,2469.06,375.995,65.75,617.265,,,,,,,,
1513.28,4,932,1287.34,378.32,233,321.835,,,,,,,,
1839.05,14,343,2013.4,131.3607143,24.5,143.8142857,,,,,,,,
917.79,2,274,888.24,458.895,137,444.12,,,,,,,,
500.92,1,759,330.29,500.92,759,330.29,,,,,,,,
1506.38,8,204,2178.45,188.2975,25.5,272.30625,,,,,,,,
1556.68,10,396,2068.65,155.668,39.6,206.865,,,,,,,,
1496.46,6,840,870.82,249.41,140,145.1366667,,,,,,,,
1961.96,7,756,1473.59,280.28,108,210.5128571,,,,,,,,
780.15,4,1048,279.75,195.0375,262,69.9375,,,,,,,,
1158.68,9,800,39.96,128.7422222,88.88888889,4.44,,,,,,,,
1386.33,3,240,1895.67,462.11,80,631.89,,,,,,,,
2124.16,13,997,920.48,163.3969231,76.69230769,70.80615385,,,,,,,,
1523.26,2,826,2163.39,761.63,413,1081.695,,,,,,,,
1168.72,6,194,914.25,194.7866667,32.33333333,152.375,,,,,,,,
1467.52,4,333,1934.76,366.88,83.25,483.69,,,,,,,,
1794.57,8,1053,1864.01,224.32125,131.625,233.00125,,,,,,,,
1770.37,12,466,1291.33,147.5308333,38.83333333,107.6108333,,,,,,,,
1755.05,8,916,2417.62,219.38125,114.5,302.2025,,,,,,,,
1732.46,11,322,1251.3,157.4963636,29.27272727,113.7545455,,,,,,,,
1555.48,13,11,1114.96,119.6523077,0.846153846,85.76615385,,,,,,,,
718.71,7,250,364.79,102.6728571,35.71428571,52.11285714,,,,,,,,
594.93,5,247,296.51,118.986,49.4,59.302,,,,,,,,
1899.69,14,1158,2104.61,135.6921429,82.71428571,150.3292857,,,,,,,,
2159.33,11,1095,1071.83,196.3027273,99.54545455,97.43909091,,,,,,,,
1284.51,11,1149,270.81,116.7736364,104.4545455,24.61909091,,,,,,,,
1372.31,9,14,1057.38,152.4788889,1.555555556,117.4866667,,,,,,,,
1202.69,4,184,983.77,300.6725,46,245.9425,,,,,,,,
1561.2,6,135,2488.22,260.2,22.5,414.7033333,,,,,,,,
1722.49,5,717,1508.97,344.498,143.4,301.794,,,,,,,,
1228.94,1,389,1964.96,1228.94,389,1964.96,,,,,,,,
1536.6,3,1136,1296.54,512.2,378.6666667,432.18,,,,,,,,
1716.13,13,145,2202.42,132.01,11.15384615,169.4169231,,,,,,,,
1081.05,1,1122,861.5,1081.05,1122,861.5,,,,,,,,
1203.93,14,383,97.95,85.995,27.35714286,6.996428571,,,,,,,,
1110.55,1,309,1211.37,1110.55,309,1211.37,,,,,,,,
1905.5,14,1090,2248.68,136.1071429,77.85714286,160.62,,,,,,,,
1167.78,3,278,994.9,389.26,92.66666667,331.6333333,,,,,,,,
1917.57,7,1109,2397.29,273.9385714,158.4285714,342.47,,,,,,,,
1758.03,12,643,2194.16,146.5025,53.58333333,182.8466667,,,,,,,,
1444.13,11,176,1050.67,131.2845455,16,95.51545455,,,,,,,,
1309.85,7,309,1021.75,187.1214286,44.14285714,145.9642857,,,,,,,,
1539,3,992,1897.41,513,330.6666667,632.47,,,,,,,,
431.17,3,175,440.19,143.7233333,58.33333333,146.73,,,,,,,,
1791.96,5,895,2329.69,358.392,179,465.938,,,,,,,,
950.24,8,372,348.37,118.78,46.5,43.54625,,,,,,,,
718.3,5,567,193.11,143.66,113.4,38.622,,,,,,,,
1624.58,8,978,710.43,203.0725,122.25,88.80375,,,,,,,,
446.94,1,1082,1809.49,446.94,1082,1809.49,,,,,,,,
1699.94,11,636,2238.97,154.54,57.81818182,203.5427273,,,,,,,,
946.39,6,370,315.09,157.7316667,61.66666667,52.515,,,,,,,,
802.95,8,413,222.83,100.36875,51.625,27.85375,,,,,,,,
546.04,3,399,141.39,182.0133333,133,47.13,,,,,,,,
